pdb_id,site_id,avg_similarity_to_high_set
1bgg_clean,1bgg_clean_site0006,0.4182599669971197
2vy0_clean,2vy0_clean_site0005,0.31844310452585933
3apg_clean,3apg_clean_site0013,0.4126765328234449
3wq8_clean,3wq8_clean_site0001,0.32288128653398457
6t13_monomer_clean,6t13_monomer_clean_site0007,0.4317840929140897
a0a0h4nxh8_clean,a0a0h4nxh8_clean_site0000,0.2686511209541063
